Problem #,Problem Title,Difficulty,Link,Status
1,Two Sum,Easy, https://leetcode.com/problems/two-sum,Completed
2,Add Two Numbers,Medium, https://leetcode.com/problems/add-two-numbers,Completed
3,Longest Substring Without Repeating Characters,Medium, https://leetcode.com/problems/longest-substring-without-repeating-characters,Completed
4,Median of Two Sorted Arrays,Hard, https://leetcode.com/problems/median-of-two-sorted-arrays,Completed
5,Longest Palindromic Substring,Medium, https://leetcode.com/problems/longest-palindromic-substring,Completed
6,ZigZag Conversion,Medium, https://leetcode.com/problems/zigzag-conversion,Completed
7,Reverse Integer,Easy, https://leetcode.com/problems/reverse-integer,Completed
8,String to Integer (atoi),Medium, https://leetcode.com/problems/string-to-integer-atoi,Completed
9,Palindrome Number,Easy, https://leetcode.com/problems/palindrome-number,Completed
10,Regular Expression Matching,Hard, https://leetcode.com/problems/regular-expression-matching,
11,Container With Most Water,Medium, https://leetcode.com/problems/container-with-most-water,Completed
12,Integer to Roman,Medium, https://leetcode.com/problems/integer-to-roman,Completed
13,Roman to Integer,Easy, https://leetcode.com/problems/roman-to-integer,Completed
14,Longest Common Prefix,Easy, https://leetcode.com/problems/longest-common-prefix,Completed
15,3Sum,Medium, https://leetcode.com/problems/3sum,
16,3Sum Closest,Medium, https://leetcode.com/problems/3sum-closest,
17,Letter Combinations of a Phone Number,Medium, https://leetcode.com/problems/letter-combinations-of-a-phone-number,
18,4Sum,Medium, https://leetcode.com/problems/4sum,
19,Remove Nth Node From End of List,Medium, https://leetcode.com/problems/remove-nth-node-from-end-of-list,
20,Valid Parentheses,Easy, https://leetcode.com/problems/valid-parentheses,
21,Merge Two Sorted Lists,Easy, https://leetcode.com/problems/merge-two-sorted-lists,
22,Generate Parentheses,Medium, https://leetcode.com/problems/generate-parentheses,
23,Merge k Sorted Lists,Hard, https://leetcode.com/problems/merge-k-sorted-lists,
24,Swap Nodes in Pairs,Medium, https://leetcode.com/problems/swap-nodes-in-pairs,
25,Reverse Nodes in k-Group,Hard, https://leetcode.com/problems/reverse-nodes-in-k-group,
26,Remove Duplicates from Sorted Array,Easy, https://leetcode.com/problems/remove-duplicates-from-sorted-array,
28,Implement strStr(),Easy, https://leetcode.com/problems/implement-strstr,
29,Divide Two Integers,Medium, https://leetcode.com/problems/divide-two-integers,
30,Substring with Concatenation of All Words,Hard, https://leetcode.com/problems/substring-with-concatenation-of-all-words,
31,Next Permutation,Medium, https://leetcode.com/problems/next-permutation,
32,Longest Valid Parentheses,Hard, https://leetcode.com/problems/longest-valid-parentheses,
33,Search in Rotated Sorted Array,Medium, https://leetcode.com/problems/search-in-rotated-sorted-array,
34,Find First and Last Position of Element in Sorted Array,Medium, https://leetcode.com/problems/find-first-and-last-position-of-element-in-sorted-array,
35,Search Insert Position,Easy, https://leetcode.com/problems/search-insert-position,
36,Valid Sudoku,Medium, https://leetcode.com/problems/valid-sudoku,
37,Sudoku Solver,Hard, https://leetcode.com/problems/sudoku-solver,
38,Count and Say,Easy, https://leetcode.com/problems/count-and-say,
39,Combination Sum,Medium, https://leetcode.com/problems/combination-sum,
40,Combination Sum II,Medium, https://leetcode.com/problems/combination-sum-ii,
41,First Missing Positive,Hard, https://leetcode.com/problems/first-missing-positive,
42,Trapping Rain Water,Hard, https://leetcode.com/problems/trapping-rain-water,
43,Multiply Strings,Medium, https://leetcode.com/problems/multiply-strings,
44,Wildcard Matching,Hard, https://leetcode.com/problems/wildcard-matching,
45,Jump Game II,Hard, https://leetcode.com/problems/jump-game-ii,
46,Permutations,Medium, https://leetcode.com/problems/permutations,
47,Permutations II,Medium, https://leetcode.com/problems/permutations-ii,
48,Rotate Image,Medium, https://leetcode.com/problems/rotate-image,
49,Group Anagrams,Medium, https://leetcode.com/problems/group-anagrams,
50,Pow(x;n),Medium, https://leetcode.com/problems/powx-n,
51,N-Queens,Hard, https://leetcode.com/problems/n-queens,
52,N-Queens II,Hard, https://leetcode.com/problems/n-queens-ii,
53,Maximum Subarray,Easy, https://leetcode.com/problems/maximum-subarray,
54,Spiral Matrix,Medium, https://leetcode.com/problems/spiral-matrix,
55,Jump Game,Medium, https://leetcode.com/problems/jump-game,
56,Merge Intervals,Medium, https://leetcode.com/problems/merge-intervals,
57,Insert Interval,Hard, https://leetcode.com/problems/insert-interval,
59,Spiral Matrix II,Medium, https://leetcode.com/problems/spiral-matrix-ii,
60,Permutation Sequence,Hard, https://leetcode.com/problems/permutation-sequence,
61,Rotate List,Medium, https://leetcode.com/problems/rotate-list,
62,Unique Paths,Medium, https://leetcode.com/problems/unique-paths,
63,Unique Paths II,Medium, https://leetcode.com/problems/unique-paths-ii,
64,Minimum Path Sum,Medium, https://leetcode.com/problems/minimum-path-sum,
65,Valid Number,Hard, https://leetcode.com/problems/valid-number,
66,Plus One,Easy, https://leetcode.com/problems/plus-one,
67,Add Binary,Easy, https://leetcode.com/problems/add-binary,
68,Text Justification,Hard, https://leetcode.com/problems/text-justification,
69,Sqrt(x),Easy, https://leetcode.com/problems/sqrtx,
70,Climbing Stairs,Easy, https://leetcode.com/problems/climbing-stairs,
71,Simplify Path,Medium, https://leetcode.com/problems/simplify-path,Completed
72,Edit Distance,Hard, https://leetcode.com/problems/edit-distance,
73,Set Matrix Zeroes,Medium, https://leetcode.com/problems/set-matrix-zeroes,
74,Search a 2D Matrix,Medium, https://leetcode.com/problems/search-a-2d-matrix,
75,Sort Colors,Medium, https://leetcode.com/problems/sort-colors,
76,Minimum Window Substring,Hard, https://leetcode.com/problems/minimum-window-substring,
77,Combinations,Medium, https://leetcode.com/problems/combinations,
78,Subsets,Medium, https://leetcode.com/problems/subsets,
79,Word Search,Medium, https://leetcode.com/problems/word-search,
81,Search in Rotated Sorted Array II,Medium, https://leetcode.com/problems/search-in-rotated-sorted-array-ii,
82,Remove Duplicates from Sorted List II,Medium, https://leetcode.com/problems/remove-duplicates-from-sorted-list-ii,
83,Remove Duplicates from Sorted List,Easy, https://leetcode.com/problems/remove-duplicates-from-sorted-list,
84,Largest Rectangle in Histogram,Hard, https://leetcode.com/problems/largest-rectangle-in-histogram,
85,Maximal Rectangle,Hard, https://leetcode.com/problems/maximal-rectangle,
86,Partition List,Medium, https://leetcode.com/problems/partition-list,
88,Merge Sorted Array,Easy, https://leetcode.com/problems/merge-sorted-array,
90,Subsets II,Medium, https://leetcode.com/problems/subsets-ii,
91,Decode Ways,Medium, https://leetcode.com/problems/decode-ways,
92,Reverse Linked List II,Medium, https://leetcode.com/problems/reverse-linked-list-ii,
93,Restore IP Addresses,Medium, https://leetcode.com/problems/restore-ip-addresses,
94,Binary Tree Inorder Traversal,Medium, https://leetcode.com/problems/binary-tree-inorder-traversal,
96,Unique Binary Search Trees,Medium, https://leetcode.com/problems/unique-binary-search-trees,
97,Interleaving String,Hard, https://leetcode.com/problems/interleaving-string,
98,Validate Binary Search Tree,Medium, https://leetcode.com/problems/validate-binary-search-tree,
99,Recover Binary Search Tree,Hard, https://leetcode.com/problems/recover-binary-search-tree,
100,Same Tree,Easy, https://leetcode.com/problems/same-tree,
101,Symmetric Tree,Easy, https://leetcode.com/problems/symmetric-tree,
102,Binary Tree Level Order Traversal,Medium, https://leetcode.com/problems/binary-tree-level-order-traversal,
103,Binary Tree Zigzag Level Order Traversal,Medium, https://leetcode.com/problems/binary-tree-zigzag-level-order-traversal,
104,Maximum Depth of Binary Tree,Easy, https://leetcode.com/problems/maximum-depth-of-binary-tree,
105,Construct Binary Tree from Preorder and Inorder Traversal,Medium, https://leetcode.com/problems/construct-binary-tree-from-preorder-and-inorder-traversal,
106,Construct Binary Tree from Inorder and Postorder Traversal,Medium, https://leetcode.com/problems/construct-binary-tree-from-inorder-and-postorder-traversal,
107,Binary Tree Level Order Traversal II,Easy, https://leetcode.com/problems/binary-tree-level-order-traversal-ii,
108,Convert Sorted Array to Binary Search Tree,Easy, https://leetcode.com/problems/convert-sorted-array-to-binary-search-tree,
109,Convert Sorted List to Binary Search Tree,Medium, https://leetcode.com/problems/convert-sorted-list-to-binary-search-tree,
110,Balanced Binary Tree,Easy, https://leetcode.com/problems/balanced-binary-tree,
112,Path Sum,Easy, https://leetcode.com/problems/path-sum,
113,Path Sum II,Medium, https://leetcode.com/problems/path-sum-ii,
114,Flatten Binary Tree to Linked List,Medium, https://leetcode.com/problems/flatten-binary-tree-to-linked-list,
115,Distinct Subsequences,Hard, https://leetcode.com/problems/distinct-subsequences,
116,Populating Next Right Pointers in Each Node,Medium, https://leetcode.com/problems/populating-next-right-pointers-in-each-node,
117,Populating Next Right Pointers in Each Node II,Medium, https://leetcode.com/problems/populating-next-right-pointers-in-each-node-ii,
118,Pascal's Triangle,Easy, https://leetcode.com/problems/pascals-triangle,
120,Triangle,Medium, https://leetcode.com/problems/triangle,
121,Best Time to Buy and Sell Stock,Easy, https://leetcode.com/problems/best-time-to-buy-and-sell-stock,
122,Best Time to Buy and Sell Stock II,Easy, https://leetcode.com/problems/best-time-to-buy-and-sell-stock-ii,
123,Best Time to Buy and Sell Stock III,Hard, https://leetcode.com/problems/best-time-to-buy-and-sell-stock-iii,
124,Binary Tree Maximum Path Sum,Hard, https://leetcode.com/problems/binary-tree-maximum-path-sum,
125,Valid Palindrome,Easy, https://leetcode.com/problems/valid-palindrome,
126,Word Ladder II,Hard, https://leetcode.com/problems/word-ladder-ii,
127,Word Ladder,Medium, https://leetcode.com/problems/word-ladder,
128,Longest Consecutive Sequence,Hard, https://leetcode.com/problems/longest-consecutive-sequence,
129,Sum Root to Leaf Numbers,Medium, https://leetcode.com/problems/sum-root-to-leaf-numbers,
130,Surrounded Regions,Medium, https://leetcode.com/problems/surrounded-regions,
131,Palindrome Partitioning,Medium, https://leetcode.com/problems/palindrome-partitioning,
132,Palindrome Partitioning II,Hard, https://leetcode.com/problems/palindrome-partitioning-ii,
133,Clone Graph,Medium, https://leetcode.com/problems/clone-graph,
134,Gas Station,Medium, https://leetcode.com/problems/gas-station,
135,Candy,Hard, https://leetcode.com/problems/candy,
136,Single Number,Easy, https://leetcode.com/problems/single-number,
137,Single Number II,Medium, https://leetcode.com/problems/single-number-ii,
138,Copy List with Random Pointer,Medium, https://leetcode.com/problems/copy-list-with-random-pointer,
139,Word Break,Medium, https://leetcode.com/problems/word-break,
140,Word Break II,Hard, https://leetcode.com/problems/word-break-ii,
141,Linked List Cycle,Easy, https://leetcode.com/problems/linked-list-cycle,
142,Linked List Cycle II,Medium, https://leetcode.com/problems/linked-list-cycle-ii,
143,Reorder List,Medium, https://leetcode.com/problems/reorder-list,
144,Binary Tree Preorder Traversal,Medium, https://leetcode.com/problems/binary-tree-preorder-traversal,
145,Binary Tree Postorder Traversal,Hard, https://leetcode.com/problems/binary-tree-postorder-traversal,
146,LRU Cache,Medium, https://leetcode.com/problems/lru-cache,
148,Sort List,Medium, https://leetcode.com/problems/sort-list,
149,Max Points on a Line,Hard, https://leetcode.com/problems/max-points-on-a-line,
150,Evaluate Reverse Polish Notation,Medium, https://leetcode.com/problems/evaluate-reverse-polish-notation,
151,Reverse Words in a String,Medium, https://leetcode.com/problems/reverse-words-in-a-string,
152,Maximum Product Subarray,Medium, https://leetcode.com/problems/maximum-product-subarray,
153,Find Minimum in Rotated Sorted Array,Medium, https://leetcode.com/problems/find-minimum-in-rotated-sorted-array,
154,Find Minimum in Rotated Sorted Array II,Hard, https://leetcode.com/problems/find-minimum-in-rotated-sorted-array-ii,
155,Min Stack,Easy, https://leetcode.com/problems/min-stack,
158,Read N Characters Given Read4 II - Call multiple times,Hard, https://leetcode.com/problems/read-n-characters-given-read4-ii-call-multiple-times,
160,Intersection of Two Linked Lists,Easy, https://leetcode.com/problems/intersection-of-two-linked-lists,
161,One Edit Distance,Medium, https://leetcode.com/problems/one-edit-distance,
162,Find Peak Element,Medium, https://leetcode.com/problems/find-peak-element,
163,Missing Ranges,Medium, https://leetcode.com/problems/missing-ranges,
164,Maximum Gap,Hard, https://leetcode.com/problems/maximum-gap,
165,Compare Version Numbers,Medium, https://leetcode.com/problems/compare-version-numbers,
167,Two Sum II - Input array is sorted,Easy, https://leetcode.com/problems/two-sum-ii-input-array-is-sorted,
169,Majority Element,Easy, https://leetcode.com/problems/majority-element,
171,Excel Sheet Column Number,Easy, https://leetcode.com/problems/excel-sheet-column-number,
173,Binary Search Tree Iterator,Medium, https://leetcode.com/problems/binary-search-tree-iterator,
175,Combine Two Tables,Easy, https://leetcode.com/problems/combine-two-tables,
176,Second Highest Salary,Easy, https://leetcode.com/problems/second-highest-salary,
177,Nth Highest Salary,Medium, https://leetcode.com/problems/nth-highest-salary,
178,Rank Scores,Medium, https://leetcode.com/problems/rank-scores,
179,Largest Number,Medium, https://leetcode.com/problems/largest-number,
180,Consecutive Numbers,Medium, https://leetcode.com/problems/consecutive-numbers,
181,Employees Earning More Than Their Managers,Easy, https://leetcode.com/problems/employees-earning-more-than-their-managers,
183,Customers Who Never Order,Easy, https://leetcode.com/problems/customers-who-never-order,
184,Department Highest Salary,Medium, https://leetcode.com/problems/department-highest-salary,
185,Department Top Three Salaries,Hard, https://leetcode.com/problems/department-top-three-salaries,
187,Repeated DNA Sequences,Medium, https://leetcode.com/problems/repeated-dna-sequences,
188,Best Time to Buy and Sell Stock IV,Hard, https://leetcode.com/problems/best-time-to-buy-and-sell-stock-iv,
189,Rotate Array,Easy, https://leetcode.com/problems/rotate-array,
192,Word Frequency,Medium, https://leetcode.com/problems/word-frequency,
198,House Robber,Easy, https://leetcode.com/problems/house-robber,
199,Binary Tree Right Side View,Medium, https://leetcode.com/problems/binary-tree-right-side-view,
200,Number of Islands,Medium, https://leetcode.com/problems/number-of-islands,
202,Happy Number,Easy, https://leetcode.com/problems/happy-number,
203,Remove Linked List Elements,Easy, https://leetcode.com/problems/remove-linked-list-elements,
204,Count Primes,Easy, https://leetcode.com/problems/count-primes,
205,Isomorphic Strings,Easy, https://leetcode.com/problems/isomorphic-strings,
206,Reverse Linked List,Easy, https://leetcode.com/problems/reverse-linked-list,
207,Course Schedule,Medium, https://leetcode.com/problems/course-schedule,
208,Implement Trie (Prefix Tree),Medium, https://leetcode.com/problems/implement-trie-prefix-tree,
209,Minimum Size Subarray Sum,Medium, https://leetcode.com/problems/minimum-size-subarray-sum,
210,Course Schedule II,Medium, https://leetcode.com/problems/course-schedule-ii,
211,Add and Search Word - Data structure design,Medium, https://leetcode.com/problems/add-and-search-word-data-structure-design,
212,Word Search II,Hard, https://leetcode.com/problems/word-search-ii,
213,House Robber II,Medium, https://leetcode.com/problems/house-robber-ii,
214,Shortest Palindrome,Hard, https://leetcode.com/problems/shortest-palindrome,
215,Kth Largest Element in an Array,Medium, https://leetcode.com/problems/kth-largest-element-in-an-array,
217,Contains Duplicate,Easy, https://leetcode.com/problems/contains-duplicate,
218,The Skyline Problem,Hard, https://leetcode.com/problems/the-skyline-problem,
219,Contains Duplicate II,Easy, https://leetcode.com/problems/contains-duplicate-ii,
221,Maximal Square,Medium, https://leetcode.com/problems/maximal-square,
222,Count Complete Tree Nodes,Medium, https://leetcode.com/problems/count-complete-tree-nodes,
224,Basic Calculator,Hard, https://leetcode.com/problems/basic-calculator,
226,Invert Binary Tree,Easy, https://leetcode.com/problems/invert-binary-tree,
227,Basic Calculator II,Medium, https://leetcode.com/problems/basic-calculator-ii,
228,Summary Ranges,Medium, https://leetcode.com/problems/summary-ranges,
229,Majority Element II,Medium, https://leetcode.com/problems/majority-element-ii,
230,Kth Smallest Element in a BST,Medium, https://leetcode.com/problems/kth-smallest-element-in-a-bst,
232,Implement Queue using Stacks,Easy, https://leetcode.com/problems/implement-queue-using-stacks,
233,Number of Digit One,Hard, https://leetcode.com/problems/number-of-digit-one,
234,Palindrome Linked List,Easy, https://leetcode.com/problems/palindrome-linked-list,
235,Lowest Common Ancestor of a Binary Search Tree,Easy, https://leetcode.com/problems/lowest-common-ancestor-of-a-binary-search-tree,
236,Lowest Common Ancestor of a Binary Tree,Medium, https://leetcode.com/problems/lowest-common-ancestor-of-a-binary-tree,
237,Delete Node in a Linked List,Easy, https://leetcode.com/problems/delete-node-in-a-linked-list,
238,Product of Array Except Self,Medium, https://leetcode.com/problems/product-of-array-except-self,
239,Sliding Window Maximum,Hard, https://leetcode.com/problems/sliding-window-maximum,
240,Search a 2D Matrix II,Medium, https://leetcode.com/problems/search-a-2d-matrix-ii,
241,Different Ways to Add Parentheses,Medium, https://leetcode.com/problems/different-ways-to-add-parentheses,
242,Valid Anagram,Easy, https://leetcode.com/problems/valid-anagram,
243,Shortest Word Distance,Easy, https://leetcode.com/problems/shortest-word-distance,
249,Group Shifted Strings,Medium, https://leetcode.com/problems/group-shifted-strings,
250,Count Univalue Subtrees,Medium, https://leetcode.com/problems/count-univalue-subtrees,
252,Meeting Rooms,Easy, https://leetcode.com/problems/meeting-rooms,
253,Meeting Rooms II,Medium, https://leetcode.com/problems/meeting-rooms-ii,
257,Binary Tree Paths,Easy, https://leetcode.com/problems/binary-tree-paths,
260,Single Number III,Medium, https://leetcode.com/problems/single-number-iii,
261,Graph Valid Tree,Medium, https://leetcode.com/problems/graph-valid-tree,
262,Trips and Users,Hard, https://leetcode.com/problems/trips-and-users,
264,Ugly Number II,Medium, https://leetcode.com/problems/ugly-number-ii,
266,Palindrome Permutation,Easy, https://leetcode.com/problems/palindrome-permutation,
268,Missing Number,Easy, https://leetcode.com/problems/missing-number,
269,Alien Dictionary,Hard, https://leetcode.com/problems/alien-dictionary,
270,Closest Binary Search Tree Value,Easy, https://leetcode.com/problems/closest-binary-search-tree-value,
272,Closest Binary Search Tree Value II,Hard, https://leetcode.com/problems/closest-binary-search-tree-value-ii,
273,Integer to English Words,Hard, https://leetcode.com/problems/integer-to-english-words,
277,Find the Celebrity,Medium, https://leetcode.com/problems/find-the-celebrity,
279,Perfect Squares,Medium, https://leetcode.com/problems/perfect-squares,
283,Move Zeroes,Easy, https://leetcode.com/problems/move-zeroes,
284,Peeking Iterator,Medium, https://leetcode.com/problems/peeking-iterator,
285,Inorder Successor in BST,Medium, https://leetcode.com/problems/inorder-successor-in-bst,
286,Walls and Gates,Medium, https://leetcode.com/problems/walls-and-gates,
287,Find the Duplicate Number,Medium, https://leetcode.com/problems/find-the-duplicate-number,
289,Game of Life,Medium, https://leetcode.com/problems/game-of-life,
290,Word Pattern,Easy, https://leetcode.com/problems/word-pattern,
295,Find Median from Data Stream,Hard, https://leetcode.com/problems/find-median-from-data-stream,
296,Best Meeting Point,Hard, https://leetcode.com/problems/best-meeting-point,
297,Serialize and Deserialize Binary Tree,Hard, https://leetcode.com/problems/serialize-and-deserialize-binary-tree,
298,Binary Tree Longest Consecutive Sequence,Medium, https://leetcode.com/problems/binary-tree-longest-consecutive-sequence,
299,Bulls and Cows,Easy, https://leetcode.com/problems/bulls-and-cows,
300,Longest Increasing Subsequence,Medium, https://leetcode.com/problems/longest-increasing-subsequence,
301,Remove Invalid Parentheses,Hard, https://leetcode.com/problems/remove-invalid-parentheses,
303,Range Sum Query - Immutable,Easy, https://leetcode.com/problems/range-sum-query-immutable,
304,Range Sum Query 2D - Immutable,Medium, https://leetcode.com/problems/range-sum-query-2d-immutable,
307,Range Sum Query - Mutable,Medium, https://leetcode.com/problems/range-sum-query-mutable,
309,Best Time to Buy and Sell Stock with Cooldown,Medium, https://leetcode.com/problems/best-time-to-buy-and-sell-stock-with-cooldown,
310,Minimum Height Trees,Medium, https://leetcode.com/problems/minimum-height-trees,
312,Burst Balloons,Hard, https://leetcode.com/problems/burst-balloons,
314,Binary Tree Vertical Order Traversal,Medium, https://leetcode.com/problems/binary-tree-vertical-order-traversal,
315,Count of Smaller Numbers After Self,Hard, https://leetcode.com/problems/count-of-smaller-numbers-after-self,
316,Remove Duplicate Letters,Hard, https://leetcode.com/problems/remove-duplicate-letters,
317,Shortest Distance from All Buildings,Hard, https://leetcode.com/problems/shortest-distance-from-all-buildings,
321,Create Maximum Number,Hard, https://leetcode.com/problems/create-maximum-number,
322,Coin Change,Medium, https://leetcode.com/problems/coin-change,
323,Number of Connected Components in an Undirected Graph,Medium, https://leetcode.com/problems/number-of-connected-components-in-an-undirected-graph,
325,Maximum Size Subarray Sum Equals k,Medium, https://leetcode.com/problems/maximum-size-subarray-sum-equals-k,
328,Odd Even Linked List,Medium, https://leetcode.com/problems/odd-even-linked-list,
329,Longest Increasing Path in a Matrix,Hard, https://leetcode.com/problems/longest-increasing-path-in-a-matrix,
332,Reconstruct Itinerary,Medium, https://leetcode.com/problems/reconstruct-itinerary,
333,Largest BST Subtree,Medium, https://leetcode.com/problems/largest-bst-subtree,
334,Increasing Triplet Subsequence,Medium, https://leetcode.com/problems/increasing-triplet-subsequence,
335,Self Crossing,Hard, https://leetcode.com/problems/self-crossing,
336,Palindrome Pairs,Hard, https://leetcode.com/problems/palindrome-pairs,
337,House Robber III,Medium, https://leetcode.com/problems/house-robber-iii,
338,Counting Bits,Medium, https://leetcode.com/problems/counting-bits,
339,Nested List Weight Sum,Easy, https://leetcode.com/problems/nested-list-weight-sum,
340,Longest Substring with At Most K Distinct Characters,Hard, https://leetcode.com/problems/longest-substring-with-at-most-k-distinct-characters,
341,Flatten Nested List Iterator,Medium, https://leetcode.com/problems/flatten-nested-list-iterator,
344,Reverse String,Easy, https://leetcode.com/problems/reverse-string,
345,Reverse Vowels of a String,Easy, https://leetcode.com/problems/reverse-vowels-of-a-string,
346,Moving Average from Data Stream,Easy, https://leetcode.com/problems/moving-average-from-data-stream,
347,Top K Frequent Elements,Medium, https://leetcode.com/problems/top-k-frequent-elements,
348,Design Tic-Tac-Toe,Medium, https://leetcode.com/problems/design-tic-tac-toe,
349,Intersection of Two Arrays,Easy, https://leetcode.com/problems/intersection-of-two-arrays,
350,Intersection of Two Arrays II,Easy, https://leetcode.com/problems/intersection-of-two-arrays-ii,
351,Android Unlock Patterns,Medium, https://leetcode.com/problems/android-unlock-patterns,
352,Data Stream as Disjoint Intervals,Hard, https://leetcode.com/problems/data-stream-as-disjoint-intervals,
353,Design Snake Game,Medium, https://leetcode.com/problems/design-snake-game,
354,Russian Doll Envelopes,Hard, https://leetcode.com/problems/russian-doll-envelopes,
356,Line Reflection,Medium, https://leetcode.com/problems/line-reflection,
359,Logger Rate Limiter,Easy, https://leetcode.com/problems/logger-rate-limiter,
362,Design Hit Counter,Medium, https://leetcode.com/problems/design-hit-counter,
366,Find Leaves of Binary Tree,Medium, https://leetcode.com/problems/find-leaves-of-binary-tree,
368,Largest Divisible Subset,Medium, https://leetcode.com/problems/largest-divisible-subset,
373,Find K Pairs with Smallest Sums,Medium, https://leetcode.com/problems/find-k-pairs-with-smallest-sums,
378,Kth Smallest Element in a Sorted Matrix,Medium, https://leetcode.com/problems/kth-smallest-element-in-a-sorted-matrix,
380,Insert Delete GetRandom O(1),Medium, https://leetcode.com/problems/insert-delete-getrandom-o1,
382,Linked List Random Node,Medium, https://leetcode.com/problems/linked-list-random-node,
383,Ransom Note,Easy, https://leetcode.com/problems/ransom-note,
384,Shuffle an Array,Medium, https://leetcode.com/problems/shuffle-an-array,
387,First Unique Character in a String,Easy, https://leetcode.com/problems/first-unique-character-in-a-string,
388,Longest Absolute File Path,Medium, https://leetcode.com/problems/longest-absolute-file-path,
389,Find the Difference,Easy, https://leetcode.com/problems/find-the-difference,
390,Elimination Game,Medium, https://leetcode.com/problems/elimination-game,
392,Is Subsequence,Easy, https://leetcode.com/problems/is-subsequence,
394,Decode String,Medium, https://leetcode.com/problems/decode-string,
395,Longest Substring with At Least K Repeating Characters,Medium, https://leetcode.com/problems/longest-substring-with-at-least-k-repeating-characters,
397,Integer Replacement,Medium, https://leetcode.com/problems/integer-replacement,
399,Evaluate Division,Medium, https://leetcode.com/problems/evaluate-division,
402,Remove K Digits,Medium, https://leetcode.com/problems/remove-k-digits,
403,Frog Jump,Hard, https://leetcode.com/problems/frog-jump,
404,Sum of Left Leaves,Easy, https://leetcode.com/problems/sum-of-left-leaves,
406,Queue Reconstruction by Height,Medium, https://leetcode.com/problems/queue-reconstruction-by-height,
407,Trapping Rain Water II,Hard, https://leetcode.com/problems/trapping-rain-water-ii,
409,Longest Palindrome,Easy, https://leetcode.com/problems/longest-palindrome,
410,Split Array Largest Sum,Hard, https://leetcode.com/problems/split-array-largest-sum,
412,Fizz Buzz,Easy, https://leetcode.com/problems/fizz-buzz,
413,Arithmetic Slices,Medium, https://leetcode.com/problems/arithmetic-slices,
414,Third Maximum Number,Easy, https://leetcode.com/problems/third-maximum-number,
415,Add Strings,Easy, https://leetcode.com/problems/add-strings,
416,Partition Equal Subset Sum,Medium, https://leetcode.com/problems/partition-equal-subset-sum,
417,Pacific Atlantic Water Flow,Medium, https://leetcode.com/problems/pacific-atlantic-water-flow,
419,Battleships in a Board,Medium, https://leetcode.com/problems/battleships-in-a-board,
420,Strong Password Checker,Hard, https://leetcode.com/problems/strong-password-checker,
421,Maximum XOR of Two Numbers in an Array,Medium, https://leetcode.com/problems/maximum-xor-of-two-numbers-in-an-array,
426,Convert Binary Search Tree to Sorted Doubly Linked List,Medium, https://leetcode.com/problems/convert-binary-search-tree-to-sorted-doubly-linked-list,
427,Construct Quad Tree,Medium, https://leetcode.com/problems/construct-quad-tree,
429,N-ary Tree Level Order Traversal,Medium, https://leetcode.com/problems/n-ary-tree-level-order-traversal,
430,Flatten a Multilevel Doubly Linked List,Medium, https://leetcode.com/problems/flatten-a-multilevel-doubly-linked-list,
432,All O`one Data Structure,Hard, https://leetcode.com/problems/all-oone-data-structure,
435,Non-overlapping Intervals,Medium, https://leetcode.com/problems/non-overlapping-intervals,
437,Path Sum III,Medium, https://leetcode.com/problems/path-sum-iii,
438,Find All Anagrams in a String,Medium, https://leetcode.com/problems/find-all-anagrams-in-a-string,
442,Find All Duplicates in an Array,Medium, https://leetcode.com/problems/find-all-duplicates-in-an-array,
443,String Compression,Easy, https://leetcode.com/problems/string-compression,
445,Add Two Numbers II,Medium, https://leetcode.com/problems/add-two-numbers-ii,
449,Serialize and Deserialize BST,Medium, https://leetcode.com/problems/serialize-and-deserialize-bst,
450,Delete Node in a BST,Medium, https://leetcode.com/problems/delete-node-in-a-bst,
451,Sort Characters By Frequency,Medium, https://leetcode.com/problems/sort-characters-by-frequency,
452,Minimum Number of Arrows to Burst Balloons,Medium, https://leetcode.com/problems/minimum-number-of-arrows-to-burst-balloons,
453,Minimum Moves to Equal Array Elements,Easy, https://leetcode.com/problems/minimum-moves-to-equal-array-elements,
456,132 Pattern,Medium, https://leetcode.com/problems/132-pattern,
459,Repeated Substring Pattern,Easy, https://leetcode.com/problems/repeated-substring-pattern,
460,LFU Cache,Hard, https://leetcode.com/problems/lfu-cache,
461,Hamming Distance,Easy, https://leetcode.com/problems/hamming-distance,
463,Island Perimeter,Easy, https://leetcode.com/problems/island-perimeter,
465,Optimal Account Balancing,Hard, https://leetcode.com/problems/optimal-account-balancing,
466,Count The Repetitions,Hard, https://leetcode.com/problems/count-the-repetitions,
468,Validate IP Address,Medium, https://leetcode.com/problems/validate-ip-address,
472,Concatenated Words,Hard, https://leetcode.com/problems/concatenated-words,
473,Matchsticks to Square,Medium, https://leetcode.com/problems/matchsticks-to-square,
480,Sliding Window Median,Hard, https://leetcode.com/problems/sliding-window-median,
485,Max Consecutive Ones,Easy, https://leetcode.com/problems/max-consecutive-ones,
486,Predict the Winner,Medium, https://leetcode.com/problems/predict-the-winner,
489,Robot Room Cleaner,Hard, https://leetcode.com/problems/robot-room-cleaner,
490,The Maze,Medium, https://leetcode.com/problems/the-maze,
496,Next Greater Element I,Easy, https://leetcode.com/problems/next-greater-element-i,
498,Diagonal Traverse,Medium, https://leetcode.com/problems/diagonal-traverse,
503,Next Greater Element II,Medium, https://leetcode.com/problems/next-greater-element-ii,
507,Perfect Number,Easy, https://leetcode.com/problems/perfect-number,
509,Fibonacci Number,Easy, https://leetcode.com/problems/fibonacci-number,
515,Find Largest Value in Each Tree Row,Medium, https://leetcode.com/problems/find-largest-value-in-each-tree-row,
516,Longest Palindromic Subsequence,Medium, https://leetcode.com/problems/longest-palindromic-subsequence,
518,Coin Change 2,Medium, https://leetcode.com/problems/coin-change-2,
523,Continuous Subarray Sum,Medium, https://leetcode.com/problems/continuous-subarray-sum,
525,Contiguous Array,Medium, https://leetcode.com/problems/contiguous-array,
528,Random Pick with Weight,Medium, https://leetcode.com/problems/random-pick-with-weight,
529,Minesweeper,Medium, https://leetcode.com/problems/minesweeper,
535,Encode and Decode TinyURL,Medium, https://leetcode.com/problems/encode-and-decode-tinyurl,
538,Convert BST to Greater Tree,Easy, https://leetcode.com/problems/convert-bst-to-greater-tree,
539,Minimum Time Difference,Medium, https://leetcode.com/problems/minimum-time-difference,
540,Single Element in a Sorted Array,Medium, https://leetcode.com/problems/single-element-in-a-sorted-array,
541,Reverse String II,Easy, https://leetcode.com/problems/reverse-string-ii,
542,01 Matrix,Medium, https://leetcode.com/problems/01-matrix,
543,Diameter of Binary Tree,Easy, https://leetcode.com/problems/diameter-of-binary-tree,
545,Boundary of Binary Tree,Medium, https://leetcode.com/problems/boundary-of-binary-tree,
547,Friend Circles,Medium, https://leetcode.com/problems/friend-circles,
556,Next Greater Element III,Medium, https://leetcode.com/problems/next-greater-element-iii,
557,Reverse Words in a String III,Easy, https://leetcode.com/problems/reverse-words-in-a-string-iii,
559,Maximum Depth of N-ary Tree,Easy, https://leetcode.com/problems/maximum-depth-of-n-ary-tree,
560,Subarray Sum Equals K,Medium, https://leetcode.com/problems/subarray-sum-equals-k,
564,Find the Closest Palindrome,Hard, https://leetcode.com/problems/find-the-closest-palindrome,
567,Permutation in String,Medium, https://leetcode.com/problems/permutation-in-string,
570,Managers with at Least 5 Direct Reports,Medium, https://leetcode.com/problems/managers-with-at-least-5-direct-reports,
572,Subtree of Another Tree,Easy, https://leetcode.com/problems/subtree-of-another-tree,
579,Find Cumulative Salary of an Employee,Hard, https://leetcode.com/problems/find-cumulative-salary-of-an-employee,
581,Shortest Unsorted Continuous Subarray,Easy, https://leetcode.com/problems/shortest-unsorted-continuous-subarray,
584,Find Customer Referee,Easy, https://leetcode.com/problems/find-customer-referee,
586,Customer Placing the Largest Number of Orders,Easy, https://leetcode.com/problems/customer-placing-the-largest-number-of-orders,
588,Design In-Memory File System,Hard, https://leetcode.com/problems/design-in-memory-file-system,
590,N-ary Tree Postorder Traversal,Easy, https://leetcode.com/problems/n-ary-tree-postorder-traversal,
609,Find Duplicate File in System,Medium, https://leetcode.com/problems/find-duplicate-file-in-system,
611,Valid Triangle Number,Medium, https://leetcode.com/problems/valid-triangle-number,
617,Merge Two Binary Trees,Easy, https://leetcode.com/problems/merge-two-binary-trees,
621,Task Scheduler,Medium, https://leetcode.com/problems/task-scheduler,
622,Design Circular Queue,Medium, https://leetcode.com/problems/design-circular-queue,
626,Exchange Seats,Medium, https://leetcode.com/problems/exchange-seats,
628,Maximum Product of Three Numbers,Easy, https://leetcode.com/problems/maximum-product-of-three-numbers,
632,Smallest Range Covering Elements from K Lists,Hard, https://leetcode.com/problems/smallest-range-covering-elements-from-k-lists,
634,Find the Derangement of An Array,Medium, https://leetcode.com/problems/find-the-derangement-of-an-array,
636,Exclusive Time of Functions,Medium, https://leetcode.com/problems/exclusive-time-of-functions,
637,Average of Levels in Binary Tree,Easy, https://leetcode.com/problems/average-of-levels-in-binary-tree,
640,Solve the Equation,Medium, https://leetcode.com/problems/solve-the-equation,
642,Design Search Autocomplete System,Hard, https://leetcode.com/problems/design-search-autocomplete-system,
646,Maximum Length of Pair Chain,Medium, https://leetcode.com/problems/maximum-length-of-pair-chain,
647,Palindromic Substrings,Medium, https://leetcode.com/problems/palindromic-substrings,
652,Find Duplicate Subtrees,Medium, https://leetcode.com/problems/find-duplicate-subtrees,
653,Two Sum IV - Input is a BST,Easy, https://leetcode.com/problems/two-sum-iv-input-is-a-bst,
654,Maximum Binary Tree,Medium, https://leetcode.com/problems/maximum-binary-tree,
657,Robot Return to Origin,Easy, https://leetcode.com/problems/robot-return-to-origin,
662,Maximum Width of Binary Tree,Medium, https://leetcode.com/problems/maximum-width-of-binary-tree,
665,Non-decreasing Array,Easy, https://leetcode.com/problems/non-decreasing-array,
671,Second Minimum Node In a Binary Tree,Easy, https://leetcode.com/problems/second-minimum-node-in-a-binary-tree,
674,Longest Continuous Increasing Subsequence,Easy, https://leetcode.com/problems/longest-continuous-increasing-subsequence,
675,Cut Off Trees for Golf Event,Hard, https://leetcode.com/problems/cut-off-trees-for-golf-event,
678,Valid Parenthesis String,Medium, https://leetcode.com/problems/valid-parenthesis-string,
681,Next Closest Time,Medium, https://leetcode.com/problems/next-closest-time,
682,Baseball Game,Easy, https://leetcode.com/problems/baseball-game,
684,Redundant Connection,Medium, https://leetcode.com/problems/redundant-connection,
686,Repeated String Match,Easy, https://leetcode.com/problems/repeated-string-match,
688,Knight Probability in Chessboard,Medium, https://leetcode.com/problems/knight-probability-in-chessboard,
690,Employee Importance,Easy, https://leetcode.com/problems/employee-importance,
692,Top K Frequent Words,Medium, https://leetcode.com/problems/top-k-frequent-words,
694,Number of Distinct Islands,Medium, https://leetcode.com/problems/number-of-distinct-islands,
695,Max Area of Island,Medium, https://leetcode.com/problems/max-area-of-island,
698,Partition to K Equal Sum Subsets,Medium, https://leetcode.com/problems/partition-to-k-equal-sum-subsets,
701,Insert into a Binary Search Tree,Medium, https://leetcode.com/problems/insert-into-a-binary-search-tree,
702,Search in a Sorted Array of Unknown Size,Medium, https://leetcode.com/problems/search-in-a-sorted-array-of-unknown-size,
703,Kth Largest Element in a Stream,Easy, https://leetcode.com/problems/kth-largest-element-in-a-stream,
704,Binary Search,Easy, https://leetcode.com/problems/binary-search,
706,Design HashMap,Easy, https://leetcode.com/problems/design-hashmap,
708,Insert into a Sorted Circular Linked List,Medium, https://leetcode.com/problems/insert-into-a-sorted-circular-linked-list,
714,Best Time to Buy and Sell Stock with Transaction Fee,Medium, https://leetcode.com/problems/best-time-to-buy-and-sell-stock-with-transaction-fee,
715,Range Module,Hard, https://leetcode.com/problems/range-module,
716,Max Stack,Easy, https://leetcode.com/problems/max-stack,
721,Accounts Merge,Medium, https://leetcode.com/problems/accounts-merge,
724,Find Pivot Index,Easy, https://leetcode.com/problems/find-pivot-index,
726,Number of Atoms,Hard, https://leetcode.com/problems/number-of-atoms,
727,Minimum Window Subsequence,Hard, https://leetcode.com/problems/minimum-window-subsequence,
729,My Calendar I,Medium, https://leetcode.com/problems/my-calendar-i,
732,My Calendar III,Hard, https://leetcode.com/problems/my-calendar-iii,
733,Flood Fill,Easy, https://leetcode.com/problems/flood-fill,
735,Asteroid Collision,Medium, https://leetcode.com/problems/asteroid-collision,
737,Sentence Similarity II,Medium, https://leetcode.com/problems/sentence-similarity-ii,
739,Daily Temperatures,Medium, https://leetcode.com/problems/daily-temperatures,
741,Cherry Pickup,Hard, https://leetcode.com/problems/cherry-pickup,
743,Network Delay Time,Medium, https://leetcode.com/problems/network-delay-time,
756,Pyramid Transition Matrix,Medium, https://leetcode.com/problems/pyramid-transition-matrix,
759,Employee Free Time,Hard, https://leetcode.com/problems/employee-free-time,
763,Partition Labels,Medium, https://leetcode.com/problems/partition-labels,
767,Reorganize String,Medium, https://leetcode.com/problems/reorganize-string,
770,Basic Calculator IV,Hard, https://leetcode.com/problems/basic-calculator-iv,
771,Jewels and Stones,Easy, https://leetcode.com/problems/jewels-and-stones,
772,Basic Calculator III,Hard, https://leetcode.com/problems/basic-calculator-iii,
775,Global and Local Inversions,Medium, https://leetcode.com/problems/global-and-local-inversions,
784,Letter Case Permutation,Medium, https://leetcode.com/problems/letter-case-permutation,
785,Is Graph Bipartite?,Medium, https://leetcode.com/problems/is-graph-bipartite,
787,Cheapest Flights Within K Stops,Medium, https://leetcode.com/problems/cheapest-flights-within-k-stops,
794,Valid Tic-Tac-Toe State,Medium, https://leetcode.com/problems/valid-tic-tac-toe-state,
796,Rotate String,Easy, https://leetcode.com/problems/rotate-string,
797,All Paths From Source to Target,Medium, https://leetcode.com/problems/all-paths-from-source-to-target,
801,Minimum Swaps To Make Sequences Increasing,Medium, https://leetcode.com/problems/minimum-swaps-to-make-sequences-increasing,
805,Split Array With Same Average,Hard, https://leetcode.com/problems/split-array-with-same-average,
815,Bus Routes,Hard, https://leetcode.com/problems/bus-routes,
819,Most Common Word,Easy, https://leetcode.com/problems/most-common-word,
827,Making A Large Island,Hard, https://leetcode.com/problems/making-a-large-island,
836,Rectangle Overlap,Easy, https://leetcode.com/problems/rectangle-overlap,
839,Similar String Groups,Hard, https://leetcode.com/problems/similar-string-groups,
841,Keys and Rooms,Medium, https://leetcode.com/problems/keys-and-rooms,
843,Guess the Word,Hard, https://leetcode.com/problems/guess-the-word,
844,Backspace String Compare,Easy, https://leetcode.com/problems/backspace-string-compare,
849,Maximize Distance to Closest Person,Easy, https://leetcode.com/problems/maximize-distance-to-closest-person,
852,Peak Index in a Mountain Array,Easy, https://leetcode.com/problems/peak-index-in-a-mountain-array,
854,K-Similar Strings,Hard, https://leetcode.com/problems/k-similar-strings,
860,Lemonade Change,Easy, https://leetcode.com/problems/lemonade-change,
862,Shortest Subarray with Sum at Least K,Hard, https://leetcode.com/problems/shortest-subarray-with-sum-at-least-k,
863,All Nodes Distance K in Binary Tree,Medium, https://leetcode.com/problems/all-nodes-distance-k-in-binary-tree,
866,Prime Palindrome,Medium, https://leetcode.com/problems/prime-palindrome,
873,Length of Longest Fibonacci Subsequence,Medium, https://leetcode.com/problems/length-of-longest-fibonacci-subsequence,
875,Koko Eating Bananas,Medium, https://leetcode.com/problems/koko-eating-bananas,
876,Middle of the Linked List,Easy, https://leetcode.com/problems/middle-of-the-linked-list,
881,Boats to Save People,Medium, https://leetcode.com/problems/boats-to-save-people,
884,Uncommon Words from Two Sentences,Easy, https://leetcode.com/problems/uncommon-words-from-two-sentences,
889,Construct Binary Tree from Preorder and Postorder Traversal,Medium, https://leetcode.com/problems/construct-binary-tree-from-preorder-and-postorder-traversal,
895,Maximum Frequency Stack,Hard, https://leetcode.com/problems/maximum-frequency-stack,
901,Online Stock Span,Medium, https://leetcode.com/problems/online-stock-span,
905,Sort Array By Parity,Easy, https://leetcode.com/problems/sort-array-by-parity,
909,Snakes and Ladders,Medium, https://leetcode.com/problems/snakes-and-ladders,
912,Sort an Array,Medium, https://leetcode.com/problems/sort-an-array,
916,Word Subsets,Medium, https://leetcode.com/problems/word-subsets,
918,Maximum Sum Circular Subarray,Medium, https://leetcode.com/problems/maximum-sum-circular-subarray,
921,Minimum Add to Make Parentheses Valid,Medium, https://leetcode.com/problems/minimum-add-to-make-parentheses-valid,
931,Minimum Falling Path Sum,Medium, https://leetcode.com/problems/minimum-falling-path-sum,
937,Reorder Data in Log Files,Easy, https://leetcode.com/problems/reorder-data-in-log-files,
938,Range Sum of BST,Easy, https://leetcode.com/problems/range-sum-of-bst,
939,Minimum Area Rectangle,Medium, https://leetcode.com/problems/minimum-area-rectangle,
951,Flip Equivalent Binary Trees,Medium, https://leetcode.com/problems/flip-equivalent-binary-trees,
953,Verifying an Alien Dictionary,Easy, https://leetcode.com/problems/verifying-an-alien-dictionary,
957,Prison Cells After N Days,Medium, https://leetcode.com/problems/prison-cells-after-n-days,
963,Minimum Area Rectangle II,Medium, https://leetcode.com/problems/minimum-area-rectangle-ii,
965,Univalued Binary Tree,Easy, https://leetcode.com/problems/univalued-binary-tree,
966,Vowel Spellchecker,Medium, https://leetcode.com/problems/vowel-spellchecker,
969,Pancake Sorting,Medium, https://leetcode.com/problems/pancake-sorting,
973,K Closest Points to Origin,Medium, https://leetcode.com/problems/k-closest-points-to-origin,
974,Subarray Sums Divisible by K,Medium, https://leetcode.com/problems/subarray-sums-divisible-by-k,
977,Squares of a Sorted Array,Easy, https://leetcode.com/problems/squares-of-a-sorted-array,
978,Longest Turbulent Subarray,Medium, https://leetcode.com/problems/longest-turbulent-subarray,
980,Unique Paths III,Hard, https://leetcode.com/problems/unique-paths-iii,
981,Time Based Key-Value Store,Medium, https://leetcode.com/problems/time-based-key-value-store,
983,Minimum Cost For Tickets,Medium, https://leetcode.com/problems/minimum-cost-for-tickets,
986,Interval List Intersections,Medium, https://leetcode.com/problems/interval-list-intersections,
987,Vertical Order Traversal of a Binary Tree,Medium, https://leetcode.com/problems/vertical-order-traversal-of-a-binary-tree,
992,Subarrays with K Different Integers,Hard, https://leetcode.com/problems/subarrays-with-k-different-integers,
993,Cousins in Binary Tree,Easy, https://leetcode.com/problems/cousins-in-binary-tree,
994,Rotting Oranges,Medium, https://leetcode.com/problems/rotting-oranges,
995,Minimum Number of K Consecutive Bit Flips,Hard, https://leetcode.com/problems/minimum-number-of-k-consecutive-bit-flips,
997,Find the Town Judge,Easy, https://leetcode.com/problems/find-the-town-judge,
1000,Minimum Cost to Merge Stones,Hard, https://leetcode.com/problems/minimum-cost-to-merge-stones,
1002,Find Common Characters,Easy, https://leetcode.com/problems/find-common-characters,
1004,Max Consecutive Ones III,Medium, https://leetcode.com/problems/max-consecutive-ones-iii,
1005,Maximize Sum Of Array After K Negations,Easy, https://leetcode.com/problems/maximize-sum-of-array-after-k-negations,
1007,Minimum Domino Rotations For Equal Row,Medium, https://leetcode.com/problems/minimum-domino-rotations-for-equal-row,
1008,Construct Binary Search Tree from Preorder Traversal,Medium, https://leetcode.com/problems/construct-binary-search-tree-from-preorder-traversal,
1010,Pairs of Songs With Total Durations Divisible by 60,Easy, https://leetcode.com/problems/pairs-of-songs-with-total-durations-divisible-by-60,
1011,Capacity To Ship Packages Within D Days,Medium, https://leetcode.com/problems/capacity-to-ship-packages-within-d-days,
1013,Partition Array Into Three Parts With Equal Sum,Easy, https://leetcode.com/problems/partition-array-into-three-parts-with-equal-sum,
1019,Next Greater Node In Linked List,Medium, https://leetcode.com/problems/next-greater-node-in-linked-list,
1022,Sum of Root To Leaf Binary Numbers,Easy, https://leetcode.com/problems/sum-of-root-to-leaf-binary-numbers,
1024,Video Stitching,Medium, https://leetcode.com/problems/video-stitching,
1027,Longest Arithmetic Sequence,Medium, https://leetcode.com/problems/longest-arithmetic-sequence,
1031,Maximum Sum of Two Non-Overlapping Subarrays,Medium, https://leetcode.com/problems/maximum-sum-of-two-non-overlapping-subarrays,
1032,Stream of Characters,Hard, https://leetcode.com/problems/stream-of-characters,
1038,Binary Search Tree to Greater Sum Tree,Medium, https://leetcode.com/problems/binary-search-tree-to-greater-sum-tree,
1044,Longest Duplicate Substring,Hard, https://leetcode.com/problems/longest-duplicate-substring,
1046,Last Stone Weight,Easy, https://leetcode.com/problems/last-stone-weight,
1047,Remove All Adjacent Duplicates In String,Easy, https://leetcode.com/problems/remove-all-adjacent-duplicates-in-string,
1048,Longest String Chain,Medium, https://leetcode.com/problems/longest-string-chain,
1049,Last Stone Weight II,Medium, https://leetcode.com/problems/last-stone-weight-ii,
1057,Campus Bikes,Medium, https://leetcode.com/problems/campus-bikes,
1060,Missing Element in Sorted Array,Medium, https://leetcode.com/problems/missing-element-in-sorted-array,
1062,Longest Repeating Substring,Medium, https://leetcode.com/problems/longest-repeating-substring,
1066,Campus Bikes II,Medium, https://leetcode.com/problems/campus-bikes-ii,
1074,Number of Submatrices That Sum to Target,Hard, https://leetcode.com/problems/number-of-submatrices-that-sum-to-target,
1081,Smallest Subsequence of Distinct Characters,Medium, https://leetcode.com/problems/smallest-subsequence-of-distinct-characters,
1083,Sales Analysis II,Easy, https://leetcode.com/problems/sales-analysis-ii,
1084,Sales Analysis III,Easy, https://leetcode.com/problems/sales-analysis-iii,
1091,Shortest Path in Binary Matrix,Medium, https://leetcode.com/problems/shortest-path-in-binary-matrix,
1094,Car Pooling,Medium, https://leetcode.com/problems/car-pooling,
1099,Two Sum Less Than K,Easy, https://leetcode.com/problems/two-sum-less-than-k,
1100,Find K-Length Substrings With No Repeated Characters,Medium, https://leetcode.com/problems/find-k-length-substrings-with-no-repeated-characters,
1102,Path With Maximum Minimum Value,Medium, https://leetcode.com/problems/path-with-maximum-minimum-value,
1104,Path In Zigzag Labelled Binary Tree,Medium, https://leetcode.com/problems/path-in-zigzag-labelled-binary-tree,
1108,Defanging an IP Address,Easy, https://leetcode.com/problems/defanging-an-ip-address,
1110,Delete Nodes And Return Forest,Medium, https://leetcode.com/problems/delete-nodes-and-return-forest,
1114,Print in Order,Easy, https://leetcode.com/problems/print-in-order,
1117,Building H2O,Medium, https://leetcode.com/problems/building-h2o,
1120,Maximum Average Subtree,Medium, https://leetcode.com/problems/maximum-average-subtree,
1122,Relative Sort Array,Easy, https://leetcode.com/problems/relative-sort-array,
1130,Minimum Cost Tree From Leaf Values,Medium, https://leetcode.com/problems/minimum-cost-tree-from-leaf-values,
1135,Connecting Cities With Minimum Cost,Medium, https://leetcode.com/problems/connecting-cities-with-minimum-cost,
1139,Largest 1-Bordered Square,Medium, https://leetcode.com/problems/largest-1-bordered-square,
1143,Longest Common Subsequence,Medium, https://leetcode.com/problems/longest-common-subsequence,
1146,Snapshot Array,Medium, https://leetcode.com/problems/snapshot-array,
1152,Analyze User Website Visit Pattern,Medium, https://leetcode.com/problems/analyze-user-website-visit-pattern,
1153,String Transforms Into Another String,Hard, https://leetcode.com/problems/string-transforms-into-another-string,
1155,Number of Dice Rolls With Target Sum,Medium, https://leetcode.com/problems/number-of-dice-rolls-with-target-sum,
1160,Find Words That Can Be Formed by Characters,Easy, https://leetcode.com/problems/find-words-that-can-be-formed-by-characters,
1161,Maximum Level Sum of a Binary Tree,Medium, https://leetcode.com/problems/maximum-level-sum-of-a-binary-tree,
1162,As Far from Land as Possible,Medium, https://leetcode.com/problems/as-far-from-land-as-possible,
1166,Design File System,Medium, https://leetcode.com/problems/design-file-system,
1167,Minimum Cost to Connect Sticks,Medium, https://leetcode.com/problems/minimum-cost-to-connect-sticks,
1172,Dinner Plate Stacks,Hard, https://leetcode.com/problems/dinner-plate-stacks,
1179,Reformat Department Table,Easy, https://leetcode.com/problems/reformat-department-table,
1188,Design Bounded Blocking Queue,Medium, https://leetcode.com/problems/design-bounded-blocking-queue,
1192,Critical Connections in a Network,Hard, https://leetcode.com/problems/critical-connections-in-a-network,
1197,Minimum Knight Moves,Medium, https://leetcode.com/problems/minimum-knight-moves,
1198,Find Smallest Common Element in All Rows,Medium, https://leetcode.com/problems/find-smallest-common-element-in-all-rows,
1202,Smallest String With Swaps,Medium, https://leetcode.com/problems/smallest-string-with-swaps,
1214,Two Sum BSTs,Medium, https://leetcode.com/problems/two-sum-bsts,
1215,Stepping Numbers,Medium, https://leetcode.com/problems/stepping-numbers,
1219,Path with Maximum Gold,Medium, https://leetcode.com/problems/path-with-maximum-gold,
1221,Split a String in Balanced Strings,Easy, https://leetcode.com/problems/split-a-string-in-balanced-strings,
1229,Meeting Scheduler,Medium, https://leetcode.com/problems/meeting-scheduler,
1233,Remove Sub-Folders from the Filesystem,Medium, https://leetcode.com/problems/remove-sub-folders-from-the-filesystem,
1236,Web Crawler,Medium, https://leetcode.com/problems/web-crawler,
1242,Web Crawler Multithreaded,Medium, https://leetcode.com/problems/web-crawler-multithreaded,
1244,Design A Leaderboard,Medium, https://leetcode.com/problems/design-a-leaderboard,
1245,Tree Diameter,Medium, https://leetcode.com/problems/tree-diameter,
1247,Minimum Swaps to Make Strings Equal,Medium, https://leetcode.com/problems/minimum-swaps-to-make-strings-equal,
1248,Count Number of Nice Subarrays,Medium, https://leetcode.com/problems/count-number-of-nice-subarrays,
1249,Minimum Remove to Make Valid Parentheses,Medium, https://leetcode.com/problems/minimum-remove-to-make-valid-parentheses,
1254,Number of Closed Islands,Medium, https://leetcode.com/problems/number-of-closed-islands,
1266,Minimum Time Visiting All Points,Easy, https://leetcode.com/problems/minimum-time-visiting-all-points,
1267,Count Servers that Communicate,Medium, https://leetcode.com/problems/count-servers-that-communicate,
1268,Search Suggestions System,Medium, https://leetcode.com/problems/search-suggestions-system,
1270,All People Report to the Given Manager,Medium, https://leetcode.com/problems/all-people-report-to-the-given-manager,
1275,Find Winner on a Tic Tac Toe Game,Easy, https://leetcode.com/problems/find-winner-on-a-tic-tac-toe-game,
1279,Traffic Light Controlled Intersection,Easy, https://leetcode.com/problems/traffic-light-controlled-intersection,
1299,Replace Elements with Greatest Element on Right Side,Easy, https://leetcode.com/problems/replace-elements-with-greatest-element-on-right-side,
1304,Find N Unique Integers Sum up to Zero,Easy, https://leetcode.com/problems/find-n-unique-integers-sum-up-to-zero,
1315,Sum of Nodes with Even-Valued Grandparent,Medium, https://leetcode.com/problems/sum-of-nodes-with-even-valued-grandparent,
1335,Minimum Difficulty of a Job Schedule,Hard, https://leetcode.com/problems/minimum-difficulty-of-a-job-schedule,
1339,Maximum Product of Splitted Binary Tree,Medium, https://leetcode.com/problems/maximum-product-of-splitted-binary-tree,
1344,Angle Between Hands of a Clock,Medium, https://leetcode.com/problems/angle-between-hands-of-a-clock,
1360,Number of Days Between Two Dates,Easy, https://leetcode.com/problems/number-of-days-between-two-dates,
1365,How Many Numbers Are Smaller Than the Current Number,Easy, https://leetcode.com/problems/how-many-numbers-are-smaller-than-the-current-number,
1373,Maximum Sum BST in Binary Tree,Hard, https://leetcode.com/problems/maximum-sum-bst-in-binary-tree,
1375,Bulb Switcher III,Medium, https://leetcode.com/problems/bulb-switcher-iii,
1382,Balance a Binary Search Tree,Medium, https://leetcode.com/problems/balance-a-binary-search-tree,
1395,Count Number of Teams,Medium, https://leetcode.com/problems/count-number-of-teams,
1405,Longest Happy String,Medium, https://leetcode.com/problems/longest-happy-string,
1429,First Unique Number,Medium, https://leetcode.com/problems/first-unique-number,
1430,Check If a String Is a Valid Sequence from Root to Leaves Path in a Binary Tree,Medium, https://leetcode.com/problems/check-if-a-string-is-a-valid-sequence-from-root-to-leaves-path-in-a-binary-tree,
1431,Kids With the Greatest Number of Candies,Easy, https://leetcode.com/problems/kids-with-the-greatest-number-of-candies,
1520,Maximum Number of Non-Overlapping Substrings,Hard, https://leetcode.com/problems/maximum-number-of-non-overlapping-substrings,
